{
  "timestamp": "2025-06-21T18:16:12.729118",
  "gpu_info": {
    "gpu_count": 1,
    "current_device": 0,
    "gpu_0": {
      "name": "NVIDIA GeForce RTX 4050 Laptop GPU",
      "total_memory": "6.00 GB",
      "major": 8,
      "minor": 9,
      "multi_processor_count": 20
    }
  },
  "memory_info": {
    "allocated_mb": 37.68310546875,
    "reserved_mb": 62.0,
    "total_gb": 5.99658203125,
    "free_mb": 6102.81689453125,
    "utilization_percent": 0.6136813853717125
  },
  "benchmark_results": {
    "1024x1024": {
      "avg_time_ms": 3.6105871200561523,
      "gflops": 594.7740842676584
    },
    "2048x2048": {
      "avg_time_ms": 11.323404312133789,
      "gflops": 1517.2000142740303
    },
    "4096x4096": {
      "avg_time_ms": 18.320298194885254,
      "gflops": 7502.004171000385
    }
  }
}